a,i,.,"
",
B,N,E,T, ,V,a,"
",
a,r,e,V,v,A,Y,y,"
",
“,<,1, ,-,W,4,7,., ,U,E,"
",
P,i,a,g,e,t,e,e,s,"
",
m,i,l,-,4,4,7, ,a,l,a,"
",
|, ,e,a,t, ,a,d,"
",
L,e,e,"
",
r,y,"
",
i,e,"
",
R,a, ,r,e,"
",
M,t,),"
",
\, ,a,"
",
a,T,"
",
—,"
",
a,"
",
a,"
",
e,r,"
",
A,A,Y,S,"
",
m,a,t, ,A,F,e,n,"
",
m,a,r,k,’, ,£,7, ,0,"
",
w,i,), ,r,e,"
",
w,e,a,l,"
",
1,G,"
",
"""","
",
m,Y, ,7,7, ,t,p,"
",
Z,"
",
—, ,M,E, ,V,A,Y,"
",
',;, ,=,"
",
-,., ,8,"
",
=,"
",
W,a,l,m,a,r,t,"
",
W,a,l,m,a,r,?,"
",
